,months,kandla,mumbai,chennai,kochi,vishakhapatnam,paradip
0,1979-01-16 09:00:00,101606.66157651489,101383.15893280867,101428.13565302978,101213.01435846253,101511.9420625868,101545.02484459165
1,1979-02-14 21:00:00,101394.27032849863,101252.04942095012,101210.20287083415,101112.30715488762,101275.66379247862,101318.99752748615
2,1979-03-16 09:00:00,101257.44931847314,101145.30495489869,101071.63264810287,101033.92897018488,101059.84847829529,100978.20910958029
3,1979-04-15 21:00:00,100934.00785005264,100897.20710581884,100800.62861077624,100911.04500714336,100756.78498380588,100698.05888517045
4,1979-05-16 09:00:00,100755.18803050563,100832.22066697312,100481.77617002121,100890.57142846925,100475.60081180473,100448.76774726092
5,1979-06-15 21:00:00,100185.3554347142,100426.06339124945,100361.15839348115,100832.25961705363,100144.55345493874,100019.70428329048
6,1979-07-16 09:00:00,100177.52646853495,100496.37182745716,100495.32371620025,100987.95371153657,100281.97996167008,100161.88269984207
7,1979-08-16 09:00:00,100221.39842283659,100522.70208187097,100502.98980022469,100942.11654862818,100269.38846292136,100055.60563475653
8,1979-09-15 21:00:00,100756.57961065418,100820.09302827393,100683.0878905952,100919.18203305015,100633.3805060523,100587.25652891482
9,1979-10-16 09:00:00,101263.27766688158,101201.89234002336,101107.7322908878,101142.56428559849,101118.50375860254,101123.20609559306
10,1979-11-15 21:00:00,101204.34973601086,101002.97781985794,101031.98500707658,100917.46468859202,101177.51313055064,101237.88221439962
11,1979-12-16 09:00:00,101631.98975158509,101423.59265727764,101419.07090702394,101220.93892938482,101520.64563511894,101584.25111656531
12,1980-01-16 09:00:00,101593.2096350789,101367.74532368235,101365.107340958,101172.53460208027,101414.0286420582,101446.36074978448
13,1980-02-15 09:00:00,101449.95832085554,101270.75608233639,101287.32048929547,101152.97812075596,101299.15777284918,101301.6647416664
14,1980-03-16 09:00:00,101298.1627753384,101196.1843827728,101149.12560370348,101117.63269316604,101138.9525508618,101079.67406926662
15,1980-04-15 21:00:00,100890.07215925565,100887.31378537341,100845.80362231623,100908.42472900104,100801.85730877,100684.9999854558
16,1980-05-16 09:00:00,100639.49212777342,100797.07707161849,100550.10169304015,100861.28804977074,100487.77802333367,100433.87465284666
17,1980-06-15 21:00:00,100039.9724888129,100280.65565893329,100409.08469707056,100865.25741706468,100191.5484975127,100084.24810758511
18,1980-07-16 09:00:00,100108.54941689683,100473.10800665314,100501.03167345078,101021.39058518228,100208.86003783398,100048.78937067013
19,1980-08-16 09:00:00,100311.42268160699,100614.96419981155,100637.20823668991,101098.35240332161,100374.68823507812,100196.30394824936
20,1980-09-15 21:00:00,100847.49263944311,100980.73378297957,100781.59972599684,101110.45171468955,100603.28979841263,100539.1213112573
21,1980-10-16 09:00:00,101141.22581919606,101124.1338156921,100979.11204326447,101101.0045497116,100993.97326943105,101008.33168546762
22,1980-11-15 21:00:00,101413.71704141425,101247.1346289751,101230.93493640609,101119.39606953748,101336.60296386936,101373.89235456755
23,1980-12-16 09:00:00,101497.60489204866,101305.81823661362,101229.4442105981,101132.20356418713,101327.87814583874,101412.7362075691
24,1981-01-16 09:00:00,101653.98946523125,101498.23163425297,101476.09736578327,101308.15524144325,101550.13792788557,101587.49813691195
25,1981-02-14 21:00:00,101512.32802247533,101351.4429445375,101351.08177106382,101207.00542331726,101352.11571865511,101347.05574910733
26,1981-03-16 09:00:00,101275.93644304207,101196.54201533007,101206.15560337921,101104.68710277647,101222.24552753956,101184.25503539247
27,1981-04-15 21:00:00,100966.40015335786,100958.75531483184,100865.61504962196,100970.92898544436,100838.75365774686,100778.89446586072
28,1981-05-16 09:00:00,100619.02563093213,100741.5165522523,100533.02031228541,100818.86078936377,100495.70613517237,100488.91819841723
29,1981-06-15 21:00:00,100184.99426124053,100460.62273539667,100399.95975548579,100933.161571031,100121.27547046909,100006.06821420125
30,1981-07-16 09:00:00,100042.0474658283,100433.34351538538,100501.2087192712,100946.72328087567,100299.34107482109,100149.7727657249
31,1981-08-16 09:00:00,100217.9141610906,100554.47472480468,100545.68617027871,101015.48433661286,100213.62257040347,100027.5509540518
32,1981-09-15 21:00:00,100724.18022551615,100798.69172950079,100711.7480680058,100982.68836883709,100648.87201533961,100648.87201533961
33,1981-10-16 09:00:00,101157.08204287344,101084.07188744601,101018.14002391924,101083.26101758846,101033.45094646972,101011.33084166565
34,1981-11-15 21:00:00,101384.22474864763,101230.899527242,101095.33554254155,101094.10684454779,101159.6846164337,101195.53639507006
35,1981-12-16 09:00:00,101733.60697067698,101510.7381510079,101460.53149725139,101283.07493052166,101549.18188045527,101655.9971648349
36,1982-01-16 09:00:00,101642.94888786948,101440.50761496117,101499.3186955904,101273.45071972327,101563.74212872714,101590.49729310998
37,1982-02-14 21:00:00,101489.50327530595,101350.30985128676,101303.41749528865,101196.04982794929,101308.43497383952,101317.23415111471
38,1982-03-16 09:00:00,101319.96065674929,101189.12025453779,101121.7649426148,101095.57986577373,101133.42518034807,101125.36959551867
39,1982-04-15 21:00:00,100944.22693480767,101004.89345563496,100887.66787701426,100976.54133795187,100867.15888917606,100781.45100750768
40,1982-05-16 09:00:00,100787.97337553216,100873.68833903338,100717.44540250715,100915.13830651162,100667.27061699831,100619.4647045668
41,1982-06-15 21:00:00,100244.74722563442,100505.63132386547,100385.38180263189,100910.92815690188,100147.09583292005,100011.4043752289
42,1982-07-16 09:00:00,100054.22821827362,100379.91462769712,100460.92017237499,100936.32715030023,100193.24459647239,100040.70899942587
43,1982-08-16 09:00:00,100205.22705759885,100530.82494411213,100530.30088848367,101038.57819342928,100203.04231217477,99940.1894644206
44,1982-09-15 21:00:00,100800.98978424992,100928.22907447394,100740.24536326164,101089.88607218882,100601.22190323005,100539.06111567837
45,1982-10-16 09:00:00,101156.87666972175,101091.08290193492,101045.9397586426,101088.73527435606,101109.44609442953,101112.40630054705
46,1982-11-15 21:00:00,101262.3747331974,101111.35464837373,101168.82726260052,101042.15097808547,101258.95774886318,101294.50146777197
47,1982-12-16 09:00:00,101612.82277106572,101389.93270589819,101427.36373325271,101163.6681473933,101506.85376570774,101532.90782864168
48,1983-01-16 09:00:00,101687.21742480888,101500.91564889064,101522.8657897071,101297.64934245915,101573.89393607038,101618.73256055155
49,1983-02-14 21:00:00,101547.7832184739,101416.06466899312,101276.84291764264,101255.33893229366,101305.4322767251,101357.7209893298
50,1983-03-16 09:00:00,101349.25819911342,101279.53755502953,101137.63532995782,101172.57355216076,101119.14112355608,101042.97247069224
51,1983-04-15 21:00:00,101024.29413663727,101033.72359703318,100906.27893365748,101010.4349898143,100885.51854075427,100771.17172717371
52,1983-05-16 09:00:00,100692.57046473723,100835.30480516497,100636.13887993453,100894.15483587468,100612.89630462896,100559.78964033388
53,1983-06-15 21:00:00,100193.42872412564,100424.65056560244,100395.41675973365,100855.64028809914,100186.0636179959,100147.2764196569
54,1983-07-16 09:00:00,100059.17841941274,100372.00422044047,100457.48194254232,100875.68895680422,100263.61322825906,100167.32508836198
55,1983-08-16 09:00:00,100181.97385954404,100470.20445519814,100457.46423796027,100915.88898079022,100215.20536003808,100148.28558083333
56,1983-09-15 21:00:00,100502.9508501442,100639.06013597158,100620.38888374942,100975.32326270736,100479.57017909871,100444.25661975646
57,1983-10-16 09:00:00,101001.89075852052,100963.58158389667,100795.91919195291,100958.10378621268,100769.8013925236,100783.49057535898
58,1983-11-15 21:00:00,101558.63258634962,101374.31372362017,101215.48591811568,101210.73754921184,101255.34601412647,101315.07773302191
59,1983-12-16 09:00:00,101563.3526279222,101327.43907220408,101298.38585307212,101084.10021477728,101445.7552530786,101524.67873890826
60,1984-01-16 09:00:00,101469.36254277425,101235.05302218921,101212.46905733562,101028.03334436467,101314.68469130057,101388.59778041215
61,1984-02-15 09:00:00,101429.75739274488,101149.59654558582,101084.9712802138,100916.06248569424,101197.22541219692,101262.90587065868
62,1984-03-16 09:00:00,101204.76048231425,101067.70931272222,101074.53619955786,101020.26457376436,101054.41671252462,100983.47445227977
63,1984-04-15 21:00:00,100780.78885613929,100783.69594851068,100730.12896508249,100845.54867633483,100703.48711002473,100594.11882491455
64,1984-05-16 09:00:00,100528.30735254567,100657.52247412564,100417.67496027765,100752.07202406613,100309.29813176187,100211.39533398251
65,1984-06-15 21:00:00,99918.42699217379,100265.30932721874,100264.2576750454,100857.06727741178,99930.3846668854,99710.31671209543
66,1984-07-16 09:00:00,100080.16189004968,100412.7141363893,100398.26719744252,100863.55423627219,100165.20407943326,100081.97483925085
67,1984-08-16 09:00:00,100164.82166046114,100542.36124977111,100498.94607368617,101005.71848915814,100205.01106169792,99986.93664284598
68,1984-09-15 21:00:00,100722.56202671747,100875.56148381351,100707.25464508339,100995.18072192636,100646.02511854714,100608.02400365085
69,1984-10-16 09:00:00,101120.91512267676,101043.78688146622,100917.01145129172,101079.13939088894,100895.89696674768,100851.03355585164
70,1984-11-15 21:00:00,101471.79869326332,101291.00304236035,101154.12183675592,101082.96358061016,101308.7147062358,101368.2198064811
71,1984-12-16 09:00:00,101414.23401520989,101186.65931763386,101122.79180837327,101005.09528787024,101228.48462225139,101283.01827585911
72,1985-01-16 09:00:00,101552.04294091335,101313.02046058857,101343.33070504555,101134.72115575359,101436.21956519043,101497.19768666169
73,1985-02-14 21:00:00,101107.99785961845,100934.79747441175,100885.99302355302,100810.7839590359,100909.13999411557,100896.30063121826
74,1985-03-16 09:00:00,101113.73060328385,101015.3781091206,101008.22899889178,101000.66206052677,100972.83045755573,100868.67794231532
75,1985-04-15 21:00:00,100820.97117554324,100831.68244767904,100633.37342421948,100824.68913777219,100585.52502079106,100495.30247070178
76,1985-05-16 09:00:00,100433.50639754017,100572.16160226526,100380.79631588285,100735.22434379434,100272.49738752804,100275.89312636382
77,1985-06-15 21:00:00,100153.97583350183,100477.92011205232,100369.64242919598,100965.24227369227,100020.56118506135,99814.00536728633
78,1985-07-16 09:00:00,100148.49803581784,100530.6903892886,100521.81331185243,100993.58730954252,100309.37603192285,100189.66118906696
79,1985-08-16 09:00:00,100228.32091441526,100533.78869114607,100456.24262179932,100939.24840633728,100194.87341802032,100027.65364062763
80,1985-09-15 21:00:00,100685.40719084279,100815.25259554347,100614.04710246174,100959.13773380397,100479.6516201761,100435.21666016549
81,1985-10-16 09:00:00,101015.01339473051,100929.72688211474,100857.02124549844,101007.12423297232,100858.48010305877,100891.69389897076
82,1985-11-15 21:00:00,101346.32632032716,101221.03453412786,101092.66215065311,101069.13630203485,101186.31230782584,101239.10383056056
83,1985-12-16 09:00:00,101528.25860539728,101308.65096974044,101308.24730526988,101126.07423788396,101411.79432380442,101451.9058248802
84,1986-01-16 09:00:00,101548.18334202807,101302.75888483666,101308.00652295409,101118.61706792761,101440.86524751844,101512.79188252485
85,1986-02-14 21:00:00,101421.75846257803,101244.98529271514,101256.19229314811,101133.11712062053,101331.1039206869,101343.22801846972
86,1986-03-16 09:00:00,101141.4064059329,101027.57302523157,101028.3414040922,100976.01728232342,101040.80897076664,100974.67173408817
87,1986-04-15 21:00:00,100813.45026909153,100816.25113397068,100807.28907454069,100854.0079256348,100785.82403927221,100681.10143649002
88,1986-05-16 09:00:00,100548.65345822906,100747.5821420601,100491.36851257192,100889.72869036402,100427.42664406674,100411.3367199064
89,1986-06-15 21:00:00,100053.78206280616,100324.9631459532,100275.00081542887,100781.47225300613,100027.19686241093,99858.90064643003
90,1986-07-16 09:00:00,100246.58850216685,100602.0717231681,100504.10518889339,101031.01125506425,100236.34463099699,100075.61181246472
91,1986-08-16 09:00:00,100387.67985738102,100676.71424105985,100491.70489963073,101011.1785822601,100174.71143999016,100105.81228851304
92,1986-09-15 21:00:00,100811.33634199566,100931.78061363168,100695.28280670616,101067.10735693277,100586.71122778792,100538.43791439047
93,1986-10-16 09:00:00,101108.25280559986,101076.0092207838,100974.85232082501,101087.5065763623,101006.91531890421,101050.9643190263
94,1986-11-15 21:00:00,101338.95413236461,101194.37497448805,101155.26909367228,101115.46565232403,101213.3365818557,101259.73675047304
95,1986-12-16 09:00:00,101641.93618577663,101411.65268714809,101405.25071028146,101182.0207171387,101536.63995453628,101608.69052161698
96,1987-01-16 09:00:00,101686.37114578724,101436.92066663933,101481.85489586354,101252.76114514825,101581.15635562428,101645.23277895298
97,1987-02-14 21:00:00,101568.23201073315,101417.32523523454,101463.05262973426,101290.30548182786,101515.86185705103,101515.74500680955
98,1987-03-16 09:00:00,101230.05324822037,101115.88702137663,101138.82153695468,101069.46206634444,101149.7133958273,101081.42328197244
99,1987-04-15 21:00:00,100965.68488824334,100970.57135288708,100906.19395166368,101009.40812405583,100869.34363460013,100797.19392185999
100,1987-05-16 09:00:00,100854.5886359258,100917.56029333503,100821.5766722491,100936.82996043024,100795.0445856,100710.43438801826
101,1987-06-15 21:00:00,100180.21048317262,100429.93007196757,100332.46988873926,100825.6451852025,100114.41317446936,100025.57158177941
102,1987-07-16 09:00:00,100228.34570083013,100579.96932294607,100575.87248266142,101016.36248388217,100315.94089094427,100077.9346536287
103,1987-08-16 09:00:00,100306.37687572483,100562.27890456907,100531.48709548052,100969.4488823856,100324.49220407085,100204.42681049052
104,1987-09-15 21:00:00,100769.7057877806,100906.8738076141,100737.06562032679,101012.16295702166,100610.4601541399,100526.28548927642
105,1987-10-16 09:00:00,101046.34342311317,100976.36783304786,100955.96153178552,100989.65335141265,101011.2635642539,101050.72707762691
106,1987-11-15 21:00:00,101265.49073963691,101089.74443553248,100941.10030561894,101024.4322323772,101034.32909373904,101154.1643277528
107,1987-12-16 09:00:00,101607.15022297928,101365.42956435116,101295.90721158613,101144.3559893012,101464.91515176513,101581.40776068927
108,1988-01-16 09:00:00,101516.90288647515,101329.78669978294,101379.33474308746,101155.32928925123,101445.43302968543,101469.42627926961
109,1988-02-15 09:00:00,101331.88646321319,101216.76772985558,101210.16392075366,101100.81688114195,101253.487033012,101250.68616813284
110,1988-03-16 09:00:00,101079.95734257932,101044.6968969832,100934.07866838083,100951.90010066493,100953.7519999466,100900.14606643791
111,1988-04-15 21:00:00,100878.27382578244,100891.8815675404,100867.35009866214,100908.78944339111,100864.3084514672,100795.83775087551
112,1988-05-16 09:00:00,100524.713322391,100664.6467979396,100338.1353549929,100756.4202694158,100304.50727186112,100301.5930976569
113,1988-06-15 21:00:00,100082.17667148613,100348.21634400799,100391.8262704954,100837.94632880572,100182.51916067096,100028.0537641818
114,1988-07-16 09:00:00,100004.82181162544,100372.2237572578,100445.32243559543,100861.82272814841,100218.67899903483,100142.87860147751
115,1988-08-16 09:00:00,100245.88740071795,100521.24322431066,100497.56511628683,100888.87532950957,100325.18622368693,100222.97413063838
116,1988-09-15 21:00:00,100434.54742696427,100514.79521553073,100507.82669203874,100828.761191642,100428.71553763944,100455.05995571887
117,1988-10-16 09:00:00,101027.28267008608,101000.3823281305,100844.37309208719,101010.33584415486,100800.99332516635,100760.00367682122
118,1988-11-15 21:00:00,101445.99603539438,101261.09646237391,101147.015217524,101101.38696868373,101182.10924004891,101213.94916039439
119,1988-12-16 09:00:00,101572.96267505494,101392.66629336556,101372.44411975646,101180.64330065578,101474.86158595669,101546.44475207149
120,1989-01-16 09:00:00,101471.6641384398,101242.09590492577,101259.93858270833,101029.42846542964,101330.95520219774,101382.88982316162
121,1989-02-14 21:00:00,101528.27276906293,101352.14050506997,101308.35353276212,101167.51358261297,101288.98117909108,101247.85343500602
122,1989-03-16 09:00:00,101181.96406247617,101065.74410411548,101032.54801278554,100991.60793727016,101028.24579934918,100980.58860540683
123,1989-04-15 21:00:00,100936.63166911138,100904.77758510025,100770.48124847405,100913.32535731044,100703.71018775846,100584.22196355271
124,1989-05-16 09:00:00,100555.1864490028,100640.30299763096,100351.13760004503,100763.8101619604,100272.51863302648,100224.84019358567
125,1989-06-15 21:00:00,100144.14624955176,100428.8713379614,100466.51836121688,100965.57157891826,100215.39302860774,100080.62575009919
126,1989-07-16 09:00:00,100178.52146604573,100474.61289612675,100458.95142285185,100918.20474012138,100229.77623105916,100167.4525613527
127,1989-08-16 09:00:00,100315.05566184213,100574.85978056857,100465.19405848009,100991.36361403795,100153.5544644492,100106.02474349755
128,1989-09-15 21:00:00,100672.94670600118,100775.25440379274,100655.21733754368,100967.9546156612,100535.2121395423,100472.49896903089
129,1989-10-16 09:00:00,101066.71785612783,100997.63811791388,100853.63967032832,101007.58455210543,100837.65597366024,100803.71274896807
130,1989-11-15 21:00:00,101455.3865457098,101295.7620340134,101263.46179453481,101122.60768072002,101382.61009076535,101445.47906159874
131,1989-12-16 09:00:00,101596.17338211284,101391.51195461638,101443.94938571025,101207.9331434163,101569.28366290647,101637.84642732478
132,1990-01-16 09:00:00,101611.0700174435,101378.63364163857,101383.37492870959,101191.96715133025,101409.41482797789,101410.8311945413
133,1990-02-14 21:00:00,101343.69187851922,101240.9061570125,101200.51138262403,101128.75471160523,101257.38558197778,101291.99449895474
134,1990-03-16 09:00:00,101296.15861665116,101228.96618688294,101117.96199839204,101151.09081231023,101153.77482694788,101165.81394273686
135,1990-04-15 21:00:00,100846.37370985802,100874.1521990829,100730.61407063046,100868.45486458158,100718.1783722037,100664.18293789007
136,1990-05-16 09:00:00,100434.5120178002,100560.58988744221,100388.71734588873,100770.4989530561,100388.74567322,100383.51573968458
137,1990-06-15 21:00:00,100130.2516935647,100417.71745127456,100370.17710757368,100891.4637394042,100096.70859242673,99944.49167785698
138,1990-07-16 09:00:00,100075.95528135635,100488.53932036151,100551.46140494102,101036.49613458104,100265.59260053141,100030.85816997735
139,1990-08-16 09:00:00,100307.03548617681,100594.17193866067,100524.58584940032,101046.00349513795,100239.35795086063,100223.7672959139
140,1990-09-15 21:00:00,100604.38394158287,100793.36973213877,100681.90168359835,101028.17852193743,100532.91054387676,100472.3431687089
141,1990-10-16 09:00:00,101080.02107907468,101006.44791793829,100925.62295999727,101005.8707485637,100906.83839845003,100933.14740736538
142,1990-11-15 21:00:00,101371.34289475341,101186.23794858126,101076.67845398502,101070.64119150848,101097.5981881266,101185.30314664941
143,1990-12-16 09:00:00,101560.21891690066,101355.85846729892,101370.43287923642,101146.74964879337,101481.97882793783,101563.79878338966
144,1991-01-16 09:00:00,101621.79899416133,101376.14083648697,101362.6605677197,101170.72165287909,101435.76632789016,101495.26788721904
145,1991-02-14 21:00:00,101551.29580755116,101409.87868802741,101371.8386230506,101236.72433473404,101392.07850124175,101373.38246260473
146,1991-03-16 09:00:00,101155.42843491066,101065.50686271611,101061.22589477821,101020.13001894084,101068.05632253026,101010.20128933134
147,1991-04-15 21:00:00,100913.83524927327,100910.8537976573,100806.43217276983,100924.49694857934,100776.74158868434,100709.91741422261
148,1991-05-16 09:00:00,100701.05450045207,100791.62406034938,100651.14882459029,100824.60415577839,100602.80115194825,100514.46236938832
149,1991-06-15 21:00:00,100135.58785459235,100361.35314388362,100341.83561263981,100750.13868370707,100218.42759396983,100140.62657864168
150,1991-07-16 09:00:00,100023.3655908569,100345.9820257542,100430.86133298301,100938.1790495819,100095.96499998093,99911.8692149852
151,1991-08-16 09:00:00,100322.78548236194,100633.96829817611,100563.30931124397,101060.30879742841,100239.93157931881,100057.63812077502
152,1991-09-15 21:00:00,100872.55170486626,101001.32067097875,100746.65442196108,101080.71155777434,100644.0138780271,100622.127473706
153,1991-10-16 09:00:00,101014.13878837762,100926.33468419538,100765.21590577459,100924.40134383632,100800.90480225612,100840.89237125762
154,1991-11-15 21:00:00,101465.98096760412,101301.83116473761,101280.75208935764,101172.85328455703,101418.63891522211,101481.57516346726
155,1991-12-16 09:00:00,101543.53765970009,101387.37616425123,101386.9547951986,101192.14773806708,101489.7298939561,101555.90608071507
156,1992-01-16 09:00:00,101743.80126901713,101549.90422740261,101618.28286416768,101352.83452468604,101679.07331706927,101698.56606189822
157,1992-02-15 09:00:00,101509.9520675652,101387.868351632,101284.7533248993,101234.05802467841,101295.18132372241,101301.45582759831
158,1992-03-16 09:00:00,101400.3217546408,101249.39019272734,101171.63520931249,101158.76043725108,101124.69328048464,101043.32656233311
159,1992-04-15 21:00:00,101121.65163328972,101050.46859072911,100943.61789718541,101006.73119125096,100918.65797742168,100779.85405420742
160,1992-05-16 09:00:00,100665.73740019342,100770.55560771862,100607.65220742795,100868.07952744229,100554.42869289138,100499.59052047253
161,1992-06-15 21:00:00,100178.63477537083,100398.9293488109,100306.30251648024,100754.36299698244,100165.90163996574,100079.06420596302
162,1992-07-16 09:00:00,100103.36905619115,100414.52354467407,100483.60328288801,100963.01857818771,100286.78498523645,100146.2849630625
163,1992-08-16 09:00:00,100299.28442015857,100578.91412985633,100575.70605959021,101041.53131771399,100318.23186386058,100225.90246850824
164,1992-09-15 21:00:00,100717.56579366502,100804.49883241078,100689.2774124773,100998.33213752996,100595.55997789282,100523.66167021768
165,1992-10-16 09:00:00,101068.7786694776,101024.94212434003,100894.84885549075,101047.49068002953,100894.76741441336,100912.32681888324
166,1992-11-15 21:00:00,101418.83720654098,101179.14903393139,101131.32541691783,101019.85028654456,101268.45448667085,101382.1780989635
167,1992-12-16 09:00:00,101658.76616146637,101475.98405645821,101534.97218290785,101258.96128977957,101636.39111068088,101671.45326495811
168,1993-01-16 09:00:00,101670.46534928013,101469.2138242851,101462.99243415531,101257.5980369623,101488.84466485397,101508.42239167672
169,1993-02-14 21:00:00,101504.72213402981,101359.20463330498,101341.96745222827,101229.51856984268,101369.04838092069,101355.61768498315
170,1993-03-16 09:00:00,101311.24646146789,101240.7361930249,101178.09384084164,101164.48609908368,101192.60097536739,101155.03893410572
171,1993-04-15 21:00:00,101060.60977532312,101040.76293885334,100969.31078664566,101022.44931918842,100946.31607548869,100880.33109821579
172,1993-05-16 09:00:00,100622.47802443046,100785.63637070254,100579.65772230213,100867.49527623487,100502.38076260244,100435.77612495804
173,1993-06-15 21:00:00,100212.53196814965,100440.53511661109,100435.97087536051,100890.55726480362,100248.91134333085,100104.94830490937
174,1993-07-16 09:00:00,100064.6455943475,100394.34032114546,100421.2689904323,100951.69472751324,100176.99887199007,100036.50239073255
175,1993-08-16 09:00:00,100372.56722614943,100687.96373248973,100640.90849433684,101112.04512707339,100387.76483937481,100187.8128307017
176,1993-09-15 21:00:00,100664.51932494888,100788.99315945784,100723.48266498369,101062.20318770697,100592.27754838212,100528.17633863856
177,1993-10-16 09:00:00,101120.40877163035,101077.71948340912,100976.82815218097,101077.15293678376,101035.32763216624,101088.40951004648
178,1993-11-15 21:00:00,101304.64973419881,101186.93905003014,101145.04646800086,100987.4367377409,101265.56155796506,101309.81593123885
179,1993-12-16 09:00:00,101552.00753174927,101360.23858089626,101351.8678545065,101145.70507845285,101498.39097549136,101553.82402186687
180,1994-01-16 09:00:00,101510.29907737323,101301.67182349923,101318.74258150473,101114.44940931478,101394.00830068439,101419.98092254094
181,1994-02-14 21:00:00,101369.27145865443,101224.77728277165,101174.85036141143,101058.77912153992,101233.13738641219,101271.38990637352
182,1994-03-16 09:00:00,101232.82224485182,101098.58964472098,101098.71003587887,101078.25062087041,101082.66614363185,101015.66492334969
183,1994-04-15 21:00:00,100965.82652489968,100972.86940763623,100875.83767529337,100953.30230356273,100861.17119952926,100797.38159042964
184,1994-05-16 09:00:00,100694.18866353593,100811.62669714115,100534.22776478072,100896.948618921,100477.4527110864,100434.89443677232
185,1994-06-15 21:00:00,99926.85437322609,100200.41141128325,100261.92067021577,100769.03301366296,100039.78836115965,99871.69397741405
186,1994-07-16 09:00:00,99922.48134146156,100330.63215312324,100424.16191913807,100933.32091226938,100077.86029438414,99832.90323815864
187,1994-08-16 09:00:00,100217.94602933827,100557.42430817298,100559.86754049486,101015.35686362215,100268.73693430219,100070.64036582716
188,1994-09-15 21:00:00,100729.74654611037,100892.39854133605,100803.11079317864,101129.08047591482,100643.88640503639,100531.32067240933
189,1994-10-16 09:00:00,101183.26003788169,101072.2700130564,101008.96196858835,101080.90276726038,101079.04378614592,101126.19462904186
190,1994-11-15 21:00:00,101461.74603157952,101295.758493097,101265.23933457189,101092.27973168099,101399.5356711981,101463.45983512126
191,1994-12-16 09:00:00,101719.77261026888,101513.66294796133,101511.74023035151,101255.13001822555,101590.02281031123,101609.41286856432
192,1995-01-16 09:00:00,101707.85742655417,101475.01030444585,101465.21967057628,101241.79492703103,101571.1992986835,101645.75329366504
193,1995-02-14 21:00:00,101413.58956842354,101292.4371135058,101297.56081954893,101152.02915515847,101327.26910821648,101332.3078322658
194,1995-03-16 09:00:00,101304.29918347436,101192.05213332406,101142.51825368518,101083.74258222003,101146.64696221752,101100.56193516054
195,1995-04-15 21:00:00,101015.57640043949,100953.27043531503,100915.39325249303,100928.42028396,100902.02983396724,100782.69386916707
196,1995-05-16 09:00:00,100574.8279123209,100675.12082867602,100494.26144127769,100795.23225416965,100418.33002981322,100336.10995080724
197,1995-06-15 21:00:00,100182.2004781942,100416.50999877925,100279.14368762684,100782.38935035592,100084.25164850152,100015.72783416371
198,1995-07-16 09:00:00,99882.01928966132,100252.06984076725,100360.0146774812,100783.47641169335,100142.94941980568,100002.82119385462
199,1995-08-16 09:00:00,100302.94926864139,100578.66626570774,100481.98154317291,100910.96710698237,100267.40909064899,100164.99162444877
200,1995-09-15 21:00:00,100702.6868629164,100801.09247082577,100627.55215764386,101019.72989538667,100477.38543367464,100448.10913680894
201,1995-10-16 09:00:00,100998.21174637208,100889.02404799871,100784.69802785429,100926.7135622511,100820.07532369188,100919.00498722971
202,1995-11-15 21:00:00,101291.56604806929,101114.30423174202,100974.50885193338,101017.47787255085,100979.93353587124,101066.77451079036
203,1995-12-16 09:00:00,101732.99793305472,101514.47735873528,101534.81284166948,101306.19003283652,101620.89960139358,101661.77594041362
204,1996-01-16 09:00:00,101519.43464170722,101301.76388732585,101339.17012826554,101118.43648119079,101408.63936728443,101454.92268566028
205,1996-02-15 09:00:00,101339.62336556583,101183.36272445752,101245.86343998444,101054.23612578778,101304.00528741245,101319.9252475852
206,1996-03-16 09:00:00,101101.0045497116,100984.03745798874,100999.99282732555,100949.70119157525,100965.49721967368,100864.4748745384
207,1996-04-15 21:00:00,100861.23847694101,100879.86723816628,100793.7981830242,100872.68625968978,100791.86838358158,100720.90487783827
208,1996-05-16 09:00:00,100738.74401470443,100864.62359302756,100535.29358061969,100918.6225682576,100459.89330661652,100396.39759357882
209,1996-06-15 21:00:00,100182.55102891865,100357.60685432339,100394.5209078823,100812.72438122779,100268.13143759633,100218.9587314311
210,1996-07-16 09:00:00,100080.72489575864,100384.17789105298,100433.74009802313,100908.98419379359,100197.17147276945,100037.5257155746
211,1996-08-16 09:00:00,100420.52539798651,100665.75864569188,100548.44454416096,100987.8439431279,100353.7083053576,100293.87035896993
212,1996-09-15 21:00:00,100632.6333726901,100739.70360305115,100546.24917598767,100904.42703437581,100442.04708791754,100402.84206144232
213,1996-10-16 09:00:00,101024.24456380756,100891.8851084568,100823.12051180322,100978.4251054812,100852.44992241505,100904.94046725506
214,1996-11-15 21:00:00,101382.39409486442,101210.9677087784,101066.89844286468,101043.78334054981,101116.97408271406,101174.04657338667
215,1996-12-16 09:00:00,101625.7719023717,101355.47250741039,101277.7033603299,101164.14617110846,101412.59102999634,101502.35326095251
216,1997-01-16 09:00:00,101605.0858687131,101409.57416921627,101413.10800379199,101226.57252739079,101504.86377068615,101564.33700268377
217,1997-02-14 21:00:00,101433.25581815653,101300.27670243428,101223.89913550235,101138.92422353051,101221.28948010926,101222.33050953338
218,1997-03-16 09:00:00,101341.61690150382,101200.72029669213,101173.56146783872,101148.15893352396,101149.3451405208,101107.19407159371
219,1997-04-15 21:00:00,101108.86892505494,101088.01646832512,101016.28104280477,101040.96831200502,101014.46809360362,100970.83338070134
220,1997-05-16 09:00:00,100770.65121246167,100892.60037357133,100658.10672533305,100931.71687713634,100564.46364999312,100482.90572235553
221,1997-06-15 21:00:00,100319.82527624443,100574.60483458717,100591.27900995492,100976.79628393329,100362.8828197721,100170.91911851663
222,1997-07-16 09:00:00,100015.95091189744,100401.68064086034,100454.35885426999,100960.05837207017,100160.37072853562,99952.47998527461
223,1997-08-16 09:00:00,100316.32685083279,100650.51854146959,100629.82896689455,101128.4112427136,100314.18813732205,100125.19526493333
224,1997-09-15 21:00:00,100796.13872877025,100974.97979381571,100864.75106601827,101159.36947487335,100731.95253703288,100684.9114625456
225,1997-10-16 09:00:00,101367.25313630156,101288.51731904157,101280.43340688088,101257.2262407394,101323.23600442716,101326.63174326293
226,1997-11-15 21:00:00,101396.35592826325,101237.02531262876,101230.22321220799,101136.92714667611,101335.09453347932,101406.7591406715
227,1997-12-16 09:00:00,101624.76982302811,101367.022976735,101361.85677969498,101181.35148393748,101483.88384096563,101600.19940406934
228,1998-01-16 09:00:00,101628.85958147993,101397.36154852327,101417.03133917264,101187.96591578862,101500.67840749127,101571.31968984139
229,1998-02-14 21:00:00,101577.69333937674,101442.13997742551,101377.57136671602,101270.39844977912,101432.57596220607,101458.84956195734
230,1998-03-16 09:00:00,101292.23528127049,101197.58658567058,101184.08153048845,101123.60976006364,101215.62755477203,101205.05437837617
231,1998-04-15 21:00:00,101005.64412991356,101011.41582365945,100978.36490990226,100994.26362457655,100974.49468826775,100895.1569152183
232,1998-05-16 09:00:00,100637.17990935865,100713.37334863734,100540.92009679283,100802.80273345108,100469.74767698145,100426.2085688222
233,1998-06-15 21:00:00,100163.2671981578,100377.86443709658,100341.4496527513,100834.60016279967,100162.39259180489,100091.76547312042
234,1998-07-16 09:00:00,100084.70842671822,100421.31856326203,100459.27718716144,100893.28022952177,100273.92437684067,100153.98999716746
235,1998-08-16 09:00:00,100367.51787935087,100586.02074908825,100599.70993192363,100925.79292398487,100468.60042006508,100385.97667658853
236,1998-09-15 21:00:00,100609.22437431333,100684.82293963537,100592.54665802917,100940.86660513596,100518.07056320863,100567.74253858744
237,1998-10-16 09:00:00,100881.18799998665,100855.99437973999,100750.3192704439,101002.27317749264,100722.04859383822,100792.78548093137
238,1998-11-15 21:00:00,101297.0048956728,101100.4592485847,100971.9806376177,101009.87198410535,101001.65705803756,101075.98797528536
239,1998-12-16 09:00:00,101558.57239077069,101350.24965570783,101336.1249401542,101156.59693732548,101447.67797068844,101471.51541995065
240,1999-01-16 09:00:00,101476.3169026006,101286.60522418095,101246.50788677079,101081.29226806533,101323.16164518258,101366.4847574409
241,1999-02-14 21:00:00,101546.15085600957,101311.32436162888,101318.32829428496,101158.1372359632,101388.78544898181,101398.36716878328
242,1999-03-16 09:00:00,101017.64429562206,100868.71335147941,100801.34033497437,100803.73399446654,100774.88614848626,100703.74205600613
243,1999-04-15 21:00:00,100829.14361061413,100837.10359070048,100592.32358029543,100893.65202574467,100584.88765583752,100542.37541343673
244,1999-05-16 09:00:00,100379.27726274359,100610.32914023279,100456.92955958258,100830.04300338188,100334.38552451628,100246.1494285322
245,1999-06-15 21:00:00,100248.45456511414,100537.30128022333,100476.1602765973,100971.0706221007,100199.54034584676,100095.78087232768
246,1999-07-16 09:00:00,100051.02722984031,100409.74330752254,100420.312943002,100936.67770102469,100153.9227197557,99950.13235769574
247,1999-08-16 09:00:00,100356.30379708504,100664.1085786455,100586.44211814087,101014.56369834664,100319.87838999054,100157.59819098774
248,1999-09-15 21:00:00,100646.3402601075,100774.69493900021,100642.00971933987,100964.81736372324,100479.26566028758,100450.76482411534
249,1999-10-16 09:00:00,100932.3719466719,100866.89686136183,100761.43774796667,100873.45817946683,100747.28116416538,100787.8600662071
250,1999-11-15 21:00:00,101395.34676708683,101225.9918170998,101140.55304507844,101071.44852044963,101219.81999979971,101265.7315219527
251,1999-12-16 09:00:00,101549.46869468436,101325.96959189455,101315.51680665657,101135.98526291145,101430.40538044763,101499.71881914456
252,2000-01-16 09:00:00,101474.57477172761,101275.42301016282,101279.63315977257,101070.37562277785,101364.26460285277,101404.17073077687
253,2000-02-15 09:00:00,101317.91046614875,101158.00976297246,101095.25410146415,101017.18397648896,101186.51414006112,101257.58033238025
254,2000-03-16 09:00:00,101119.33941487495,101043.98517278509,100975.0966440572,100967.43056003275,100985.26261506608,100950.96175781667
255,2000-04-15 21:00:00,100786.2347855756,100819.9195233699,100655.25274670777,100839.4370546137,100636.11763443609,100589.18632835748
256,2000-05-16 09:00:00,100477.88824380466,100677.00813712175,100535.79284983329,100896.22273105726,100404.945365789,100338.95330668328
257,2000-06-15 21:00:00,100189.2646064292,100432.68844584981,100350.15322528346,100860.10538369029,100132.50725731693,100102.04475345436
258,2000-07-16 09:00:00,100099.0278926743,100420.94676703913,100391.97498898456,100849.99606734393,100142.88568331032,100013.46518857867
259,2000-08-16 09:00:00,100282.04015724902,100522.0965851651,100465.29674505594,100911.29641220835,100216.05872089253,100154.43615263494
260,2000-09-15 21:00:00,100686.21097886752,100803.97831769873,100695.16595646468,100915.17017475929,100593.29379139136,100516.2788595059
261,2000-10-16 09:00:00,100956.65201048518,100914.58592355187,100768.89845883944,100989.21781869441,100747.53256923039,100752.6810616884
262,2000-11-15 21:00:00,101305.32250831643,101117.39899268308,101069.0690246231,100944.5704036993,101183.76638892811,101239.71995001566
263,2000-12-16 09:00:00,101500.21808835818,101271.11371489365,101273.44717880688,101064.3773103818,101381.72132074682,101422.22586354395
264,2001-01-16 09:00:00,101482.32937866228,101223.51671653023,101229.78767948973,101012.92071313309,101316.26039910236,101363.97778862367
265,2001-02-14 21:00:00,101354.8953380358,101193.25250398654,101130.24897832962,101056.83869934804,101144.09396148697,101140.34413101034
266,2001-03-16 09:00:00,101159.1782653873,101081.25685890124,101001.58623970937,101017.8213414425,101035.96853803619,101019.05003943623
267,2001-04-15 21:00:00,100935.4419211981,100898.66950429554,100891.36105282835,100909.09750311867,100887.82013641982,100804.22264093091
268,2001-05-16 09:00:00,100412.50876323762,100620.58009323548,100433.6834433606,100848.34954121397,100308.13671117988,100263.4255596894
269,2001-06-15 21:00:00,100057.07865598248,100360.88220200129,100332.86647137703,100854.16372595678,100093.52884949185,99942.0165772874
270,2001-07-16 09:00:00,100099.66525762784,100456.38779937208,100444.9789667038,100935.55523052317,100182.77410665237,99990.21199052387
271,2001-08-16 09:00:00,100376.61095268797,100632.502358783,100510.01497837921,101008.50873128805,100237.5591653251,100113.86079150962
272,2001-09-15 21:00:00,100720.69950468658,100815.41547769826,100643.15343533983,100945.9442792658,100554.8111118635,100546.468712805
273,2001-10-16 09:00:00,100954.18753266484,100901.99088388674,100756.82393388636,100952.28251963705,100815.17469538248,100873.47234313248
274,2001-11-15 21:00:00,101357.86616690255,101172.51689749822,101058.92784002906,101051.69728872286,101169.42921838998,101301.27524086148
275,2001-12-16 09:00:00,101689.51902047441,101477.36147294112,101483.72449972725,101256.24894781066,101598.27314554309,101652.66870341089
276,2002-01-16 09:00:00,101579.70103898036,101355.77348530511,101324.69840290389,101132.41247825524,101426.62722263974,101511.87832609145
277,2002-02-14 21:00:00,101625.99852102186,101389.07934504372,101445.39407960494,101227.36923358269,101517.0905550448,101538.21566233807
278,2002-03-16 09:00:00,101184.48519495904,101059.8130691312,101071.50871602858,101003.80993521394,101086.3416148639,101056.03491132331
279,2002-04-15 21:00:00,100871.26281129356,100850.25101332535,100835.03569551792,100870.32092752888,100820.89681629866,100752.18179247479
280,2002-05-16 09:00:00,100537.18088906544,100692.06411369082,100476.24525859108,100846.67468775273,100287.14969962652,100203.15916241627
281,2002-06-15 21:00:00,100169.85684359408,100424.76741584393,100420.47582515678,100835.95987470054,100241.14965456334,100135.5630681775
282,2002-07-16 09:00:00,100304.23108038126,100661.72554190256,100517.60316224268,101039.51299536112,100226.44422871874,100063.11591845902
283,2002-08-16 09:00:00,100318.60720099988,100597.31273151503,100559.88524507692,101019.48911307091,100298.33899547748,100148.56177231319
284,2002-09-15 21:00:00,100895.18170163315,100970.72007137624,100741.7644164009,101105.50151355044,100596.76743038812,100560.65362393757
285,2002-10-16 09:00:00,101013.49434159126,100929.00807608382,100894.05569021523,100968.18831614417,100968.1599888129,100999.80161783949
286,2002-11-15 21:00:00,101331.92187237728,101153.60840387669,101110.69603792173,101051.77872980027,101169.44338205562,101211.9202152923
287,2002-12-16 09:00:00,101535.23421072209,101361.97717085286,101381.39909735363,101179.17027942983,101448.69067278127,101477.97051056338
288,2003-01-16 09:00:00,101667.39891567035,101417.43500364322,101485.13024354144,101241.69224045519,101565.31075469611,101634.68084805558
289,2003-02-14 21:00:00,101377.41556639402,101241.64266762548,101279.84561475707,101113.5818847947,101355.45834374476,101404.90724138984
290,2003-03-16 09:00:00,101251.02963702448,101104.58087528421,101116.7403822311,101032.08061181963,101144.22497539409,101129.23273532037
291,2003-04-15 21:00:00,100890.19609132996,100906.15500158319,100879.81766533657,100908.0281463633,100866.79417478599,100790.74237216366
292,2003-05-16 09:00:00,100724.79280405483,100812.80582230518,100439.745492252,100877.16551894657,100368.3641583725,100378.68592970337
293,2003-06-15 21:00:00,100095.00895255062,100369.03693249013,100357.89012763608,100814.90912665185,100163.6814853776,100022.94068088787
294,2003-07-16 09:00:00,100038.50300850335,100369.35561496689,100480.37750803985,100891.9665495342,100244.64807997498,100154.36887522318
295,2003-08-16 09:00:00,100376.37371128859,100631.09661496879,100528.54813486144,100991.69646018036,100259.73592479172,100170.7385317798
296,2003-09-15 21:00:00,100687.12807621733,100820.23820584669,100670.76550149353,101047.434025367,100519.73833483703,100466.1182376627
297,2003-10-16 09:00:00,101090.68986021356,100959.76447600828,100826.28609107244,100995.194885592,100818.89265761143,100958.00818146965
298,2003-11-15 21:00:00,101407.04241398418,101229.23175561358,101251.47933340837,101082.75112562564,101348.7447662342,101380.11728561376
299,2003-12-16 09:00:00,101645.22923803655,101390.8922942449,101335.377806792,101185.03403700235,101464.91161084874,101548.76405231906
300,2004-01-16 09:00:00,101510.29553645683,101303.50247728244,101348.3304790144,101126.76117566723,101449.84501153044,101500.6536210764
301,2004-02-15 09:00:00,101486.1110773866,101292.06177636649,101314.75905054515,101133.83592665146,101348.92535297103,101350.74538400501
302,2004-03-16 09:00:00,101158.78876458236,101030.29244903332,101056.88827217775,101011.4335282415,101053.74393840699,100977.58236737599
303,2004-04-15 21:00:00,100812.84831330209,100904.96879458633,100816.0917927323,100915.42866165712,100796.69465264637,100684.30242492331
304,2004-05-16 09:00:00,100503.86794749401,100591.7322472552,100478.44062676438,100732.89796171394,100379.69154996339,100296.88721974997
305,2004-06-15 21:00:00,100230.27195935637,100471.45793960677,100511.82084574757,101005.27941552349,100255.72052558445,100142.61657366328
306,2004-07-16 09:00:00,100250.77386536173,100511.78897749988,100440.17748405383,100894.39561819047,100227.92787269392,100133.279177094
307,2004-08-16 09:00:00,100335.07246229953,100634.36133989746,100515.30864840996,101052.67104073521,100207.80838566067,100038.43573109158
308,2004-09-15 21:00:00,100804.46696416309,100863.27804479231,100746.09495716853,100980.09995894245,100652.75285972335,100585.23820656197
309,2004-10-16 09:00:00,101188.9148813861,101133.51016234187,101050.41901789937,101102.90248090656,101066.16193225169,101147.12852684906
310,2004-11-15 21:00:00,101421.15296587217,101254.72281283858,101271.08538756237,101097.74336569934,101375.83631767583,101405.98367997803
311,2004-12-16 09:00:00,101518.59544451842,101331.81564488502,101341.00786388156,101115.52938881938,101441.3503530664,101478.8486578327
312,2005-01-16 09:00:00,101588.32317043512,101347.37089066769,101332.46009167138,101148.15893352396,101410.94804478278,101461.81330899129
313,2005-02-14 21:00:00,101527.45835828896,101382.12852613379,101344.76123527461,101202.47659123075,101368.37560680308,101338.10431242656
314,2005-03-16 09:00:00,101279.7712555125,101182.92365082286,101136.07732673807,101114.09531767393,101153.75004053302,101094.56008184809
315,2005-04-15 21:00:00,101056.10572965148,100990.01806580272,100973.61654099844,101003.26817500344,100975.95000491166,100938.58625496888
316,2005-05-16 09:00:00,100736.47782820297,100800.83752484436,100559.65508551034,100843.75343171571,100515.63441271955,100469.14218027561
317,2005-06-15 21:00:00,100106.7152221972,100350.28069827415,100281.57983811593,100784.62366860971,100059.5325110536,99957.14337218463
318,2005-07-16 09:00:00,100190.25960394001,100487.27521320367,100463.17573612722,100948.8159624731,100219.02954975929,100096.77232892206
319,2005-08-16 09:00:00,100342.7810373209,100647.54063077,100599.23899004128,101010.50580814246,100350.39754851564,100166.24864977378
320,2005-09-15 21:00:00,100546.8475908607,100646.1738370363,100603.99089986153,100980.1247453573,100449.62110811539,100474.32254098126
321,2005-10-16 09:00:00,101125.57496867038,101003.95865370311,100821.40316734508,100980.23451376597,100888.974475169,100970.21372032983
322,2005-11-15 21:00:00,101386.90522236889,101207.44803786834,101118.43294027436,101043.91789537334,101223.31134337853,101265.74568561831
323,2005-12-16 09:00:00,101524.04845578755,101241.50457188554,101121.62330595845,101044.52693299559,101257.53784138335,101351.58104027744
324,2006-01-16 09:00:00,101621.59362100964,101372.92568438803,101356.06738136703,101152.52488345567,101415.42376312317,101439.30370338226
325,2006-02-14 21:00:00,101421.69472608267,101234.79099437498,101292.47252266988,101126.33980661462,101299.35252325164,101245.37833443648
326,2006-03-16 09:00:00,101198.10001854983,101082.67676638106,101043.36551241358,101024.3507912998,101060.41502492066,101017.10607632797
327,2006-04-15 21:00:00,100905.10334940984,100926.46569810249,100761.93701718027,100911.37785328575,100759.56814410299,100706.55354363451
328,2006-05-16 09:00:00,100561.97792667436,100709.34378576443,100545.61181103415,100883.29130433331,100489.66533177941,100459.11784592306
329,2006-06-15 21:00:00,100306.95758601584,100502.09040745694,100466.51127938405,100864.77585243313,100287.49316851817,100192.19648521548
330,2006-07-16 09:00:00,100026.64093853478,100405.84121764035,100474.874923941,100995.34006316474,100158.15057394748,99946.13112215413
331,2006-08-16 09:00:00,100269.09810777586,100583.73685800475,100552.14480180787,101012.89592671822,100251.99548152268,100070.01008270643
332,2006-09-15 21:00:00,100661.31125468276,100742.9718688962,100668.91714312829,100990.99181781508,100535.31836703455,100529.2775636416
333,2006-10-16 09:00:00,101244.2664866842,101155.4850895732,101085.53074500634,101155.84626304687,101112.51960987214,101093.79878482025
334,2006-11-15 21:00:00,101359.21525605422,101182.55185459997,101182.6403775102,101054.34235328004,101271.32616987816,101298.18047992043
335,2006-12-16 09:00:00,101606.05607980903,101378.24768175004,101391.9758146659,101147.40117741254,101476.57893041483,101510.91519682831
336,2007-01-16 09:00:00,101734.35056312277,101464.86911985184,101502.0558239742,101260.86984372378,101573.62128550693,101601.78219370396
337,2007-02-14 21:00:00,101337.0774466681,101261.88608673304,101295.17778280599,101155.51341690446,101346.41484323738,101367.79135559566
338,2007-03-16 09:00:00,101271.24118788436,101127.03736714709,101124.58351207597,101063.95240041279,101125.85824198305,101107.86330479491
339,2007-04-15 21:00:00,100957.41330751301,100934.51066018266,100918.44906335359,100943.13633255384,100908.73632964499,100832.53934944989
340,2007-05-16 09:00:00,100634.08160750118,100766.8872183194,100495.04044288755,100886.48875185022,100395.26804124449,100382.56677408711
341,2007-06-15 21:00:00,99995.98368426976,100240.54061694109,100301.80909355782,100708.05843310813,100112.21426537966,100079.94943506517
342,2007-07-16 09:00:00,99993.15803297574,100331.78295095603,100451.40572998527,100878.73414491554,100272.74879259305,100108.33696191233
343,2007-08-16 09:00:00,100205.10312552455,100490.52223355028,100512.67066568561,100944.30129405225,100265.086249485,100108.06785226527
344,2007-09-15 21:00:00,100428.85717429579,100520.92100091749,100512.96456174753,100892.90843329887,100329.20870472702,100297.92824917409
345,2007-10-16 09:00:00,101057.30964123039,100953.12525774229,100790.40952602123,100950.93697140182,100801.75816311059,100841.5120316291
346,2007-11-15 21:00:00,101325.9483463961,101185.90510243885,101113.17467940772,101051.60168397984,101155.31158466918,101183.6389159374
347,2007-12-16 09:00:00,101537.45436531023,101266.05374534585,101212.01227911892,101020.36726034022,101309.18918903453,101376.78528327332
348,2008-01-16 09:00:00,101549.99275031283,101311.10836572797,101245.83865356959,101094.27326761899,101306.2254420006,101349.23341269858
349,2008-02-15 09:00:00,101527.03344831994,101313.11252441519,101209.00250017169,101101.24887294379,101276.7048219027,101352.60790603589
350,2008-03-16 09:00:00,100990.11721146217,100926.33114327895,100979.73878546878,100899.55473339767,100981.1551520322,100946.70911721003
351,2008-04-15 21:00:00,100884.80327563976,100868.90102004907,100763.45252940313,100868.69918781378,100746.85625419638,100694.93579689812
352,2008-05-16 09:00:00,100622.25848761311,100806.4569591847,100446.40595601643,100909.06563487099,100301.93302563213,100277.50778424612
353,2008-06-15 21:00:00,99979.29534523637,100353.94200584057,100441.69299627669,100886.82867982544,100217.67691969124,100055.57376650887
354,2008-07-16 09:00:00,100058.71810027963,100381.96481829765,100384.62404652046,100835.03215460149,100184.96239299286,100048.12721930174
355,2008-08-16 09:00:00,100303.4556196878,100553.91171909573,100502.85878631758,100873.53962054424,100268.2057968409,100168.75207767461
356,2008-09-15 21:00:00,100624.08560047993,100698.17219449554,100654.98363706072,100971.44595924001,100502.12935753743,100407.28945245144
357,2008-10-16 09:00:00,101096.42260387896,101010.45977622917,100917.10705603476,100948.91864904895,100924.103906858,100923.36739624503
358,2008-11-15 21:00:00,101303.82115975922,101082.30142924175,100981.29324777212,100949.49581842354,101114.14843142005,101211.02790435735
359,2008-12-16 09:00:00,101462.12490963523,101247.14879264074,101279.4384093701,101104.94558967429,101359.28961529878,101398.43798711145
360,2009-01-16 09:00:00,101585.2815232402,101353.20632090894,101420.41291434277,101197.32455785635,101486.07212730609,101509.98393581288
361,2009-02-14 21:00:00,101391.07996281453,101223.1272157253,101202.81651920597,101105.0766035814,101196.29061026507,101171.85474612981
362,2009-03-16 09:00:00,101169.88599660667,101052.92244580021,101035.55425081639,101006.25670845223,101034.0245749279,100990.57044876246
363,2009-04-15 21:00:00,100943.94366149498,100844.86882038439,100764.70601381175,100880.23549347275,100732.28538317527,100652.30316333947
364,2009-05-16 09:00:00,100485.56140966194,100673.16978373492,100411.17383775159,100779.85405420742,100351.9590926518,100322.97315093159
365,2009-06-15 21:00:00,100305.21191422641,100539.01862468146,100391.78732041491,100897.97902559588,100149.71257014596,100045.28386342569
366,2009-07-16 09:00:00,99967.99982189317,100324.28683091915,100435.3830832367,100970.85462619978,100157.18390376796,99937.66479102132
367,2009-08-16 09:00:00,100366.87343256452,100661.62639624313,100566.07476695902,100964.00649386569,100383.55823068149,100301.1717286043
368,2009-09-15 21:00:00,100736.95585191812,100801.50321712915,100573.10702694635,100993.9484830162,100418.21317957176,100369.80885226719
369,2009-10-16 09:00:00,101063.63725885241,101003.35315699724,100913.31473456122,101046.33280036395,100889.61538103895,100876.86808196825
370,2009-11-15 21:00:00,101263.81942709208,101065.2908668152,101069.69222591099,100943.96844790984,101181.96760339258,101234.77683070934
371,2009-12-16 09:00:00,101494.12417121908,101273.90041610716,101284.51962441634,101081.29934989815,101404.31944926603,101463.275707468
372,2010-01-16 09:00:00,101657.74991845712,101416.71265669586,101435.32371333908,101234.35900257312,101518.02535697665,101569.51028155662
373,2010-02-14 21:00:00,101445.9995763108,101282.38445182198,101312.39017746785,101145.7688149482,101342.83143583196,101324.21329735592
374,2010-03-16 09:00:00,101183.61058860613,101133.83238573505,101106.12471483833,101094.46093618864,101083.13708551417,100994.46545681183
375,2010-04-15 21:00:00,100918.51988168174,100937.50273454786,100870.04827696543,100952.78532976707,100832.06486665116,100704.77954451385
376,2010-05-16 09:00:00,100550.33539352313,100635.68564263426,100394.69795370271,100743.19494662994,100368.50579502885,100359.37731252766
377,2010-06-15 21:00:00,100305.78908360102,100477.64037965606,100426.5024648841,100870.39174585705,100259.1445917515,100184.68620151299
378,2010-07-16 09:00:00,100068.84512120803,100376.10814255796,100468.78454771833,100875.2250967547,100262.58282158416,100210.10289949339
379,2010-08-16 09:00:00,100286.06617920552,100504.8133721751,100453.9481079666,100888.75139743526,100336.87832966787,100340.05453168633
380,2010-09-15 21:00:00,100548.13648443342,100668.28686000756,100627.56632130951,100893.3722933484,100495.6353168442,100500.84400488115
381,2010-10-16 09:00:00,100849.32329322632,100793.33078205827,100635.59711972403,100883.38336815994,100598.51664309394,100648.76578784734
382,2010-11-15 21:00:00,101146.67883046519,100973.70860482505,100930.24385591038,100928.0945196504,101063.3362809577,101138.06378084325
383,2010-12-16 09:00:00,101275.41946924642,101073.66867503777,100933.52274450469,100877.28945102086,101051.88849820892,101131.01027535746
384,2011-01-16 09:00:00,101480.28981081097,101224.04077215868,101162.50672681132,100997.03970304083,101260.73528890024,101322.21267958509
385,2011-02-14 21:00:00,101339.08514627174,101171.63166839609,101142.63510392666,101021.0294117086,101204.9092008034,101220.33343267896
386,2011-03-16 09:00:00,101147.87920112768,101027.26850642044,101016.66346177689,100969.72507386547,101024.65176919453,100990.60939884295
387,2011-04-15 21:00:00,100977.35574872585,100905.09980849344,100871.7797850892,100931.49734031901,100915.219747589,100901.08795020258
388,2011-05-16 09:00:00,100632.86707317305,100809.33926514123,100554.10646949819,100906.34975198565,100465.19051756366,100416.84992675445
389,2011-06-15 21:00:00,100057.05386956764,100328.84044942053,100380.11291901598,100866.32323290365,100125.30857425841,99950.86532739231
390,2011-07-16 09:00:00,100106.57004462447,100395.03434076153,100388.0516536039,100869.14888419767,100198.30810693657,100140.45661465407
391,2011-08-16 09:00:00,100148.52636314911,100427.41248040111,100469.68394048611,100888.37960121236,100284.86226762662,100211.88043953048
392,2011-09-15 21:00:00,100434.48723138534,100645.45503100537,100611.31351499436,100995.62333647742,100416.58435802383,100275.79398070439
393,2011-10-16 09:00:00,101092.5807095757,100980.09995894245,100883.3302544138,100941.92888005852,100901.9306883078,100904.01982898882
394,2011-11-15 21:00:00,101264.4461692964,101082.15625166902,101105.25364940183,100941.43315176133,101203.80089396755,101244.99237454793
395,2011-12-16 09:00:00,101441.69736287443,101191.1173313922,101127.81990967339,100978.02498192704,101254.22354362498,101363.03590485902
396,2012-01-16 09:00:00,101544.45475704988,101333.791476241,101292.36275426122,101117.07676928991,101365.71637858025,101416.5108244606
397,2012-02-15 09:00:00,101415.43438587239,101172.52043841462,101139.96525295463,100986.08764858927,101173.4269130152,101171.4262952444
398,2012-03-16 09:00:00,101221.20803903187,101097.54153346407,101001.49771679917,101027.7996438817,100998.5198060996,100960.12919039835
399,2012-04-15 21:00:00,100911.0202207285,100896.47767703867,100821.31110351846,100898.67658612836,100812.53317174173,100740.65610956502
400,2012-05-16 09:00:00,100675.88920753667,100814.54087134535,100401.07868507088,100876.18822601781,100348.5173219027,100338.8364564418
401,2012-06-15 21:00:00,100162.05266382969,100433.48161112532,100332.78503029962,100872.89517375789,100062.3581623476,99879.17593378527
402,2012-07-16 09:00:00,100023.39745910457,100351.28277761777,100371.57576955504,100838.21189753636,100128.06340722422,99962.40517396771
403,2012-08-16 09:00:00,100261.21602785049,100547.04234126318,100535.13423938132,100980.58152357402,100303.23962378687,100171.56002438656
404,2012-09-15 21:00:00,100547.80717920742,100710.81326607396,100669.98649988364,101021.74467682315,100521.64688878122,100488.60305685685
405,2012-10-16 09:00:00,101126.90989415639,101020.9833797953,100945.29983247943,100981.68983040987,101001.52604413044,101023.09376597477
406,2012-11-15 21:00:00,101301.39209110296,101121.84284277578,101046.58420542895,101016.44038404315,101104.37196121611,101172.67269782019
407,2012-12-16 09:00:00,101397.60941267187,101179.89616729358,101191.62722335503,100977.08309816237,101301.02029488007,101358.46812269201
408,2013-01-16 09:00:00,101621.2005792883,101389.36970018923,101400.50588229403,101196.5986699926,101472.26255331284,101527.0157437379
409,2013-02-14 21:00:00,101446.92021457701,101265.44116680718,101289.00950642234,101118.16737154374,101352.59374237026,101377.70592153954
410,2013-03-16 09:00:00,101249.63451595951,101122.12257517205,101131.0244390231,101039.90249616606,101146.0131381804,101100.08037052897
411,2013-04-15 21:00:00,100948.6884894824,100920.60194052997,100812.47651707917,100899.83446579396,100819.45212240398,100754.60732021462
412,2013-05-16 09:00:00,100593.13799106938,100702.62312642104,100416.88887683496,100805.592975581,100308.85551721079,100253.11087019136
413,2013-06-15 21:00:00,99999.36880035631,100291.09073958921,100308.48018007149,100829.671207159,100093.84045013582,100020.78072187868
414,2013-07-16 09:00:00,100002.83889843666,100354.32796572911,100370.98443651482,100887.69266342912,100018.90757709858,99900.54182339432
415,2013-08-16 09:00:00,100344.6081501877,100630.36364527224,100533.70370915227,100960.74885076986,100281.81353859889,100203.39286289923
416,2013-09-15 21:00:00,100596.462911577,100703.1046910526,100597.24899501968,100945.8238881079,100492.22541434277,100460.4244440778
417,2013-10-16 09:00:00,100977.64610387135,100906.60115705064,100792.94482216974,101029.67278866183,100781.73782173677,100913.91314943426
418,2013-11-15 21:00:00,101372.99650271621,101163.85227504655,101110.22155512299,101016.62097078,101199.64739902035,101284.6683429055
419,2013-12-16 09:00:00,101510.8231330017,101273.06830075115,101204.42055433904,101041.79688644462,101319.31620996293,101416.60997012001
420,2014-01-16 09:00:00,101705.07426625708,101425.8198936986,101466.90868770315,101207.06207797979,101571.58879948843,101653.33439569568
421,2014-02-14 21:00:00,101346.38297498971,101200.34141863641,101234.1784158363,101047.91913091496,101292.55042283087,101300.9884266324
422,2014-03-16 09:00:00,101338.63544988784,101193.56056371408,101230.37193069715,101082.50680239344,101252.73281781698,101222.62086467887
423,2014-04-15 21:00:00,101055.42587370104,101018.42329723193,100954.65493363078,101001.15424790754,100935.95535407733,100842.58138838448
424,2014-05-16 09:00:00,100734.66487900181,100800.56841519731,100617.40389121702,100843.2931125826,100583.44296194284,100562.36388656287
425,2014-06-15 21:00:00,100191.70075691828,100477.03842386662,100308.74574880213,100826.99073343775,100085.84151996896,99998.12947961333
426,2014-07-16 09:00:00,100154.22723856682,100468.66061564404,100425.24543955908,100989.15762311546,100112.91890774496,99944.82098308296
427,2014-08-16 09:00:00,100371.89445203179,100610.18042174363,100566.22348544818,100976.2616055556,100377.13500831643,100281.2434510571
428,2014-09-15 21:00:00,100679.39471478111,100795.68903238636,100712.47395586959,101030.82004557818,100547.51328314553,100508.5065479892
429,2014-10-16 09:00:00,101132.66742423664,101037.79919181939,100974.99395748135,101040.53277928678,100949.1381858663,101085.81047740261
430,2014-11-15 21:00:00,101347.32131783797,101186.33001240788,101118.07530771711,101043.14243467984,101195.83029113195,101239.54644511163
431,2014-12-16 09:00:00,101549.55013576176,101270.41969527758,101235.41419566287,101080.69031227588,101370.66657971937,101471.45522437169
432,2015-01-16 09:00:00,101673.30870515617,101428.90403189042,101410.86306278898,101234.12884300658,101487.46370745465,101551.99336808364
433,2015-02-14 21:00:00,101433.01149492431,101297.7591108678,101356.29045910075,101168.56169386988,101411.61373706759,101429.70073808235
434,2015-03-16 09:00:00,101371.20125809708,101241.50103096914,101268.37658650987,101175.72142684793,101301.4452048491,101299.81992421758
435,2015-04-15 21:00:00,100908.27246959548,100976.26868738842,100961.226874485,100997.21674886126,100963.33726066448,100918.96603714922
436,2015-05-16 09:00:00,100715.8094991264,100794.67633029353,100616.33453446164,100865.19368056933,100557.40306267454,100540.46685949255
437,2015-06-15 21:00:00,100118.96679297072,100366.94070997628,100470.6329060836,100861.50050475524,100249.27251680451,100182.22172369267
438,2015-07-16 09:00:00,100219.22430016176,100579.49484014734,100501.37514234241,101011.86552004334,100254.12711320061,100052.46484190218
439,2015-08-16 09:00:00,100488.09316489403,100737.44449838251,100622.25494669672,101022.40328727511,100414.99094563999,100315.60804480186
440,2015-09-15 21:00:00,100764.65998189844,100840.66929352388,100737.70652619674,100999.9326317466,100626.3199187337,100569.64401069882
441,2015-10-16 09:00:00,101172.89577555392,101062.67412958929,101066.7497243755,101114.43524564915,101075.5878517312,101074.44767664764
442,2015-11-15 21:00:00,101335.38488862482,101128.30855613774,101067.73055822068,100997.78329548662,101230.24091679002,101322.44992098447
443,2015-12-16 09:00:00,101622.04331739353,101366.16607496416,101381.54427492639,101169.82934194413,101481.14671258183,101546.5757659786
444,2016-01-16 09:00:00,101634.21698800605,101439.47720828629,101459.9543278768,101237.76890507454,101520.48983479697,101558.83441858491
445,2016-02-15 09:00:00,101521.59814163283,101361.88864794264,101388.67568057314,101218.1486872549,101429.41392385325,101443.90335379695
446,2016-03-16 09:00:00,101312.61325520158,101202.91566486542,101211.62631923039,101133.8961222304,101225.99889893261,101183.45832920056
447,2016-04-15 21:00:00,100991.84871958595,100975.71276351227,100884.27567909489,100946.5674805537,100841.73156844644,100664.11920139471
448,2016-05-16 09:00:00,100614.80839948957,100750.91060348412,100555.0589760121,100852.66237739957,100483.00486801498,100457.8041659355
449,2016-06-15 21:00:00,100290.44275188647,100526.38463493582,100445.59154524248,100895.89342583125,100265.40493196176,100274.52279171371
450,2016-07-16 09:00:00,100184.34627353775,100498.25559498649,100513.64795861437,100941.73412965605,100299.82263945264,100205.4997081623
451,2016-08-16 09:00:00,100290.46753830132,100580.83684746615,100508.79336221828,100989.13991853342,100255.34164752872,100108.60607155938
452,2016-09-15 21:00:00,100739.33534774465,100843.73218621725,100594.74910803526,101040.36281529917,100437.97857496415,100458.2255349881
453,2016-10-16 09:00:00,101040.56110661806,101013.65722374606,100828.97364662652,101031.1953827175,100765.70101132254,100733.20248052507
454,2016-11-15 21:00:00,101409.32630506768,101221.512557843,101132.80906089299,101075.8003067157,101175.25756679842,101200.82652418438
455,2016-12-16 09:00:00,101506.7156699678,101282.7597889613,101190.09754746655,101105.10847182908,101317.0181552138,101379.07271527323
456,2017-01-16 09:00:00,101611.20103135062,101384.74172244329,101369.8875781095,101178.63206013574,101456.42757513392,101503.99624616606
457,2017-02-14 21:00:00,101546.54035681451,101347.53377282248,101386.71047196642,101200.95753809149,101413.04780821304,101416.62059286924
458,2017-03-16 09:00:00,101225.34028848063,101100.03079769926,101063.65142251804,101042.89102961485,101068.47060975005,101038.08246513209
459,2017-04-15 21:00:00,100910.60593350869,100959.47057994637,100811.9418387015,100980.31241392696,100788.50451299346,100749.1543089455
460,2017-05-16 09:00:00,100652.72453239208,100787.02440993469,100584.54772786231,100900.34435775678,100548.4976579071,100539.73388979599
461,2017-06-15 21:00:00,100194.21834848473,100440.56344394237,100438.26893010964,100896.59806819656,100249.19461664354,100116.8387022092
462,2017-07-16 09:00:00,100188.7582553828,100511.39593577854,100506.6050758778,100981.16577478142,100246.95675747334,100114.69998869844
463,2017-08-16 09:00:00,100300.26525400371,100546.78385436536,100477.33940176133,100887.46250386257,100310.48079784232,100266.35743847565
464,2017-09-15 21:00:00,100718.5076774297,100769.97489742764,100688.25762855166,100939.74059371804,100617.44284129751,100580.766029138
465,2017-10-16 09:00:00,100954.16628716639,100851.67800263799,100768.26817571872,100909.06563487099,100762.4079590626,100779.64868105573
466,2017-11-15 21:00:00,101332.53090999954,101123.0998681008,100983.11681972252,100942.38565827522,101074.31312182412,101192.73907110731
467,2017-12-16 09:00:00,101555.35723867174,101298.86387678726,101291.04199244083,101116.02511711657,101382.47907685823,101434.52700714716
468,2018-01-16 09:00:00,101426.9459051165,101242.70848346445,101240.16964639952,101077.86112006547,101297.36252823006,101334.45362760939
469,2018-02-14 21:00:00,101459.51879515854,101279.83853292427,101344.89579009812,101144.10104331978,101385.44636480857,101370.44704290206
470,2018-03-16 09:00:00,101207.33826945967,101087.16310747067,101081.74904628203,101006.72056850174,101077.97088847414,101037.93728755933
471,2018-04-15 21:00:00,100900.91090438215,100904.87318984329,100885.95761438894,100899.99026611593,100893.28377043818,100867.17659375811
472,2018-05-16 09:00:00,100613.00607303763,100717.81719873003,100619.0929083439,100782.16273170579,100629.86791697504,100596.99404903827
473,2018-06-15 21:00:00,100131.46622789282,100398.66378008027,100393.00185474304,100855.838579418,100210.11706315902,100087.20123186983
474,2018-07-16 09:00:00,100030.74840156868,100401.57087245167,100402.6614747055,100943.48688327828,100102.1863901107,99897.89675883716
475,2018-08-16 09:00:00,100260.35912607962,100606.25354544658,100477.21192877062,101028.3414040922,100113.29424488427,99969.58615244419
476,2018-09-15 21:00:00,100834.58599913403,100952.5516292841,100786.01878967466,101051.74686155257,100662.08671537624,100593.29379139136
477,2018-10-16 09:00:00,101190.46580277303,101099.75460621939,101041.27637173256,101070.21628153947,101037.51591850672,101103.67440068362
478,2018-11-15 21:00:00,101389.91146039971,101239.25963088255,101220.99912496377,101107.43839482589,101311.52973478058,101366.60160768239
479,2018-12-16 09:00:00,101591.31878571675,101355.74515797386,101299.56851915258,101164.77645422917,101402.71895504936,101501.49281826524
